FirstName,LastName,DisplayName,Password,Title,Department,StreetAddress,City,PostalCode,Country,UsageLocation
Nona,Snider,Nona Snider,Pa55w.rd,Accountant,Accounts,1 First St.,London,1211,United Kingdom,GB
Jessica,Jennings,Jessica Jennings,Pa55w.rd,Network Manager,Information Technology,1 First St.,London,1211,United Kingdom,GB
Misty,Phillips,Misty Phillips,Pa55w.rd,Accounting Manager,Accounts,1 First St.,London,1211,United Kingdom,GB
Elvis,Cress,Elvis Cress,Pa55w.rd,Network Support,Information Technology,1 First St.,London,1211,United Kingdom,GB
Leila,Macdonald,Leila Macdonald,Pa55w.rd,Help Desk Support,Information Technology,1 First St.,London,1211,United Kingdom,GB
Sherri,Harrell,Sherri Harrell,Pa55w.rd,Help Desk Support,Information Technology,1 First St.,London,1211,United Kingdom,GB
Mickey,Earls,Mickey Earls,Pa55w.rd,Accounting Manager,Accounts,1 First St.,London,1211,United Kingdom,GB
Leanna,Goodwin,Leanna Goodwin,Pa55w.rd,Accountant,Accounts,1 First St.,London,1211,United Kingdom,GB